{
  "SST_ANOM": {
    "AS": 0.010846153846153846,
    "FM": 0.018846153846153846,
    "WS": 0.012769230769230769,
    "PG": 0.01523076923076923,
    "PW": 0.025076923076923077,
    "NU": 0.009538461538461539,
    "TV": 0.013923076923076923,
    "KI": 0.014538461538460643,
    "NR": 0.016846153846155638,
    "CK": 0.008,
    "MP": 0.014769230769230769,
    "FJ": 0.01523076923076923,
    "MH": 0.012846153846157428,
    "WF": 0.010846153846153846,
    "TK": 0.01523076923076923,
    "SB": 0.015,
    "PF": 0.005,
    "TO": 0.014769230769230769,
    "VU": 0.014615384615386407,
    "NC": 0.016384615384615383,
    "GU": 0.016615384615384615
  },
  "RAIN_ANOM": {
    "TK": 0.0024615384615671175,
    "MH": 0.4459230769230765,
    "WF": 0.3984615384615313,
    "SB": 0.8233076923076923,
    "MP": 0.04661538461539178,
    "PN": -0.14176923076923076,
    "VU": 0.14623076923074058,
    "GU": 0.06346153846154562,
    "PF": -0.049846153846153846,
    "TO": 0.2773076923076923,
    "NC": -0.9244615384615364,
    "FM": 0.2719999999999713,
    "NU": 0.23000000000001433,
    "PG": -0.10461538461538461,
    "PW": -0.12830769230769232,
    "WS": 0.1370769230769159,
    "AS": 0.09215384615384616,
    "TV": 0.4958461538461252,
    "CK": -0.07669230769230949,
    "FJ": 0.01715384615386048,
    "NR": 0.09800000000002866,
    "KI": 0.2786153846153846
  },
  "SEA_LVL": {
    "KI": 0.0034615384615384616,
    "PG": 0.004923076923076923,
    "AS": 0.003692307692307916,
    "WS": 0.004538461538461538,
    "NU": 0.005461538461538014,
    "TV": 0.002923076923076475,
    "FJ": 0.004692307692307693,
    "SB": 0.004615384615384616,
    "NR": 0.004076923076923077,
    "CK": 0.005076923076923077,
    "TK": 0.002923076923076923,
    "MP": 0.004,
    "PF": 0.005384615384615384,
    "WF": 0.0038461538461538464,
    "MH": 0.0034615384615386854,
    "VU": 0.0055384615384619865,
    "FM": 0.002692307692307692,
    "TO": 0.0034615384615380137,
    "NC": 0.0057692307692307696,
    "GU": 0.0012307692307692308,
    "PW": 0.002692307692307692
  }
}